name,RR@10,nDCG@10,AP@100,alpha
scifact: BM25 >> gte-base-en-v1.5,0.7217248677248679,0.7599354199200085,0.7196447008280225,0.4
nfcorpus: BM25 >> gte-base-en-v1.5,0.5852277753206545,0.36488350333898845,0.16584770989027772,0.4
fiqa: BM25 >> gte-base-en-v1.5,0.5586652459337641,0.4755112826804417,0.41026532141013705,0.2
quora: BM25 >> gte-base-en-v1.5,0.8877299206349185,0.8939242597475575,0.8641328903878275,0.4
hotpotqa: BM25 >> gte-base-en-v1.5,0.8608462214505407,0.6870208706781125,0.6025052628533392,0.6
