name,RR@10,nDCG@10,AP@100,alpha
fiqa: BM25 >> bge-base-en-v1.5,0.49008793846756793,0.4102613524879438,0.3452009297607705,0.3
nfcorpus: BM25 >> bge-base-en-v1.5,0.5766745294609071,0.3623201799020609,0.1687882918624121,0.1
