name,RR@10,nDCG@10,AP@100,alpha
scifact: BM25 >> bge-base-en-v1.5,0.7106269841269841,0.745805531393801,0.7064207292404776,0.2
nfcorpus: BM25 >> bge-base-en-v1.5,0.5766745294609071,0.3623201799020609,0.1687882918624121,0.1
fiqa: BM25 >> bge-base-en-v1.5,0.49008793846756793,0.4102613524879438,0.3452009297607705,0.3
quora: BM25 >> bge-base-en-v1.5,0.8887655158730126,0.8944336016100336,0.8649260126839985,0.3
hotpotqa: BM25 >> bge-base-en-v1.5,0.8578560174913966,0.7086834623279266,0.6284626999967798,0.4
