name,RR@10,nDCG@10,AP@100,alpha
scifact: BM25 >> snowflake-arctic-embed-m,0.7041216931216928,0.7470963959335247,0.6977291949339992,0.5
nfcorpus: BM25 >> snowflake-arctic-embed-m,0.5786328566514324,0.3619130342871168,0.165336387641515,0.2
fiqa: BM25 >> snowflake-arctic-embed-m,0.5033387223202036,0.4241421959543424,0.3619209448139988,0.2
quora: BM25 >> snowflake-arctic-embed-m,0.8710128571428549,0.8794510871904411,0.8464804185898501,0.3
