name,RR@10,nDCG@10,AP@100,alpha
scifact: BM25 >> tct_colbert_msmarco,0.6566613756613755,0.6900573506788187,0.652030044996599,0.6
nfcorpus: BM25 >> tct_colbert_msmarco,0.5495810604943733,0.3361933154804599,0.15177015658899073,0.6
fiqa: BM25 >> tct_colbert_msmarco,0.38526234567901224,0.31391676964304804,0.26193102318441797,0.5
quora: BM25 >> tct_colbert_msmarco,0.8382092857142812,0.8464035123627321,0.8093454843799666,0.5
hotpotqa: BM25 >> tct_colbert_msmarco,0.8006518011210771,0.6362612156260334,0.551164186401185,0.6
