name,RR@10,nDCG@10,AP@100,alpha
scifact: BM25 >> tct_colbert_msmarco,0.6566613756613755,0.6900573506788187,0.652030044996599,0.6
nfcorpus: BM25 >> tct_colbert_msmarco,0.5495810604943733,0.3361933154804599,0.1517701565889907,0.6
fiqa: BM25 >> tct_colbert_msmarco,0.3852623456790122,0.313916769643048,0.2619310231844179,0.5
quora: BM25 >> tct_colbert_msmarco,0.8382092857142812,0.8464035123627321,0.8093454843799666,0.5
hotpotqa: BM25 >> tct_colbert_msmarco,0.8006518011210771,0.6362612156260334,0.551164186401185,0.6
dbpedia_entity: BM25 >> tct_colbert_msmarco,0.7198809523809524,0.4004162650857734,0.2671200068977983,0.4
fever: BM25 >> tct_colbert_msmarco,0.6693775925211572,0.688686947025885,0.6342069555802939,0.1
passage: BM25 >> tct_colbert_msmarco,0.8199889258028792,0.6923820656574937,0.3890710648438996,0.2
